Workbook

Sheet 총괄표
B1: SLM 스마트 물관리 시스템 — 개발대가 산정 총괄표
B2: 산정 기준: SW사업 대가산정 가이드(KOSA) 단일 FP유형(간이법) + 엔지니어링(SW기술자 평균임금 2025)
B3: 기능 기준일: 2026-10-15 (메뉴 57종 · AI 채팅 인텐트 81종 · Migration 0143)
B5: 구분 | C5: 산정 방법 | D5: 금액(원) | E5: 비고
B6: ① 소프트웨어 개발비 | C6: 기능점수(FP) × 단가 × 보정계수 + 이윤 | D6: ='SW개발비 산정'!I11 | E6: FP산정(간이법)·SW개발비 산정 시트
B7: ② 구축·설치 엔지니어링 | C7: M/M × SW기술자 평균임금 + 제경비 + 기술료 | D7: ='엔지니어링 내역'!H25 | E7: 엔지니어링 내역 시트
B8: 합계 (부가세 별도) | D8: =SUM(D6:D7)
B10: ※ 기능점수당 단가는 KOSA 2024 가이드(605,784원) 기준 — 최신 공표 단가 확인 후 'SW개발비 산정'!C7 갱신
B11: ※ 하드웨어·상용SW 구입비, 유지관리(운영)비는 본 산정 범위 외

Sheet FP산정(간이법)
B1: 기능점수 산정 (간이법 평균복잡도 적용)
B3: 기능명 | E3: 데이터 및 트랜잭션 기능 | F3: FP 산출 | G3: 사용자관점 기능 | H3: 비고
B4: ①어플리케이션명 | C4: ②세부 업무명 | D4: ③단위프로세스명 | E4: 단위프로세스 설명 | F4: ④FP유형 | G4: ⑤가중치
B5: < SLM 스마트 물관리 시스템 > | C5: 1. 실시간 감시
D6: 통합 대시보드 | E6: 시설유형별 KPI·이상 시설·유량 불균형·설비 장애·최근 경보 종합 표출 | F6: EO | G6: =IF(F6="","",IF(F6="EI",4,IF(F6="EO",5.2,IF(F6="EQ",3.9,IF(F6="ILF",7.5,IF(F6="EIF",5.4,"")))))) | H6: Y
D7: 대시보드 집계 데이터 | E7: 이상 스캔·물수지·장애 집계 캐시 (디스크 영속화 포함) | F7: ILF | G7: =IF(F7="","",IF(F7="EI",4,IF(F7="EO",5.2,IF(F7="EQ",3.9,IF(F7="ILF",7.5,IF(F7="EIF",5.4,"")))))) | H7: Y
D8: 시작 페이지 | E8: 로그인 후 첫 화면(랜딩) 구성·바로가기 | F8: EQ | G8: =IF(F8="","",IF(F8="EI",4,IF(F8="EO",5.2,IF(F8="EQ",3.9,IF(F8="ILF",7.5,IF(F8="EIF",5.4,""))))))
D9: GIS 관망도 | E9: 오프라인 지도 위 시설·관로·블록 레이어와 실시간 상태 표출 | F9: EO | G9: =IF(F9="","",IF(F9="EI",4,IF(F9="EO",5.2,IF(F9="EQ",3.9,IF(F9="ILF",7.5,IF(F9="EIF",5.4,"")))))) | H9: Y
D10: GIS 시설 상세 팝업 | E10: 시설 클릭 → 현재값·경보·바로가기 팝업 | F10: EQ | G10: =IF(F10="","",IF(F10="EI",4,IF(F10="EO",5.2,IF(F10="EQ",3.9,IF(F10="ILF",7.5,IF(F10="EIF",5.4,""))))))
D11: GIS 타임라인 스크러버 | E11: 24h 되감기/재생·배속·알람 도트 | F11: EO | G11: =IF(F11="","",IF(F11="EI",4,IF(F11="EO",5.2,IF(F11="EQ",3.9,IF(F11="ILF",7.5,IF(F11="EIF",5.4,""))))))
D12: GIS 시설 좌표 관리 | E12: 시설 좌표 등록·수정 (지도 설정) | F12: EI | G12: =IF(F12="","",IF(F12="EI",4,IF(F12="EO",5.2,IF(F12="EQ",3.9,IF(F12="ILF",7.5,IF(F12="EIF",5.4,""))))))
D13: 실시간 계통도 | E13: SVG 계통도·유량 비례 엣지·흐름 애니메이션·미니맵·검색 | F13: EO | G13: =IF(F13="","",IF(F13="EI",4,IF(F13="EO",5.2,IF(F13="EQ",3.9,IF(F13="ILF",7.5,IF(F13="EIF",5.4,"")))))) | H13: Y
D14: 계통도 노드 상세 | E14: 노드별 Q/H/P 수치 오버레이·트렌드 패널 | F14: EQ | G14: =IF(F14="","",IF(F14="EI",4,IF(F14="EO",5.2,IF(F14="EQ",3.9,IF(F14="ILF",7.5,IF(F14="EIF",5.4,""))))))
D15: 태그 모니터링 | E15: 모니터링 그룹 현재값·이상 카테고리 9종 필터·정렬·우클릭 트렌드 | F15: EO | G15: =IF(F15="","",IF(F15="EI",4,IF(F15="EO",5.2,IF(F15="EQ",3.9,IF(F15="ILF",7.5,IF(F15="EIF",5.4,"")))))) | H15: Y
D16: 시설별 모니터링(배수지) | E16: 배수지 트렌드·HH/LL 가이드·재생·시간 네비게이션 | F16: EO | G16: =IF(F16="","",IF(F16="EI",4,IF(F16="EO",5.2,IF(F16="EQ",3.9,IF(F16="ILF",7.5,IF(F16="EIF",5.4,"")))))) | H16: Y
D17: 시설별 모니터링(가압장) | E17: 가압장 펌프·압력·유량 트렌드 모니터링 | F17: EO | G17: =IF(F17="","",IF(F17="EI",4,IF(F17="EO",5.2,IF(F17="EQ",3.9,IF(F17="ILF",7.5,IF(F17="EIF",5.4,""))))))
D18: 시설별 모니터링(블록) | E18: 블록 유량·압력 트렌드 모니터링 | F18: EO | G18: =IF(F18="","",IF(F18="EI",4,IF(F18="EO",5.2,IF(F18="EQ",3.9,IF(F18="ILF",7.5,IF(F18="EIF",5.4,""))))))
D19: 모니터링 임계 설정 | E19: HH/LL 임계 듀얼모드(상수/태그참조) 설정 | F19: EI | G19: =IF(F19="","",IF(F19="EI",4,IF(F19="EO",5.2,IF(F19="EQ",3.9,IF(F19="ILF",7.5,IF(F19="EIF",5.4,""))))))
D20: 상황실 키오스크 | E20: 기존 화면 iframe 상주 순환·크롬 제거·하단 바(시계·티커) | F20: EO | G20: =IF(F20="","",IF(F20="EI",4,IF(F20="EO",5.2,IF(F20="EQ",3.9,IF(F20="ILF",7.5,IF(F20="EIF",5.4,"")))))) | H20: Y
D21: 키오스크 경보 인터럽트 | E21: 새 경고 감지 시 경보 화면 전환·배너·재인터럽트 방지 | F21: EO | G21: =IF(F21="","",IF(F21="EI",4,IF(F21="EO",5.2,IF(F21="EQ",3.9,IF(F21="ILF",7.5,IF(F21="EIF",5.4,""))))))
D22: 키오스크 설정 | E22: 순환 화면 목록·순서, 야간 밝기, KPI 스트립 설정 | F22: EI | G22: =IF(F22="","",IF(F22="EI",4,IF(F22="EO",5.2,IF(F22="EQ",3.9,IF(F22="ILF",7.5,IF(F22="EIF",5.4,""))))))
C23: 2. 경보 관리
D24: 경보 데이터 | E24: 경보 발생·해제·확인·판정 이력 (하이퍼테이블 연계) | F24: ILF | G24: =IF(F24="","",IF(F24="EI",4,IF(F24="EO",5.2,IF(F24="EQ",3.9,IF(F24="ILF",7.5,IF(F24="EIF",5.4,"")))))) | H24: Y
D25: 진행중 경보 현황 | E25: 진행중 경보 목록·반복 경보 접기(반복 N회)·심각도 구분 | F25: EO | G25: =IF(F25="","",IF(F25="EI",4,IF(F25="EO",5.2,IF(F25="EQ",3.9,IF(F25="ILF",7.5,IF(F25="EIF",5.4,"")))))) | H25: Y
D26: 경보 이력 조회 | E26: 기간·등급·시설 필터 경보 이력 조회 | F26: EQ | G26: =IF(F26="","",IF(F26="EI",4,IF(F26="EO",5.2,IF(F26="EQ",3.9,IF(F26="ILF",7.5,IF(F26="EIF",5.4,""))))))
D27: 반복 경보 순위 | E27: 채터링/만성 판정·순위표·조치 구분 제시 | F27: EO | G27: =IF(F27="","",IF(F27="EI",4,IF(F27="EO",5.2,IF(F27="EQ",3.9,IF(F27="ILF",7.5,IF(F27="EIF",5.4,""))))))
D28: 경보 확인 처리 | E28: 확인/해제 기록·최초 확인자 책임 추적 | F28: EI | G28: =IF(F28="","",IF(F28="EI",4,IF(F28="EO",5.2,IF(F28="EQ",3.9,IF(F28="ILF",7.5,IF(F28="EIF",5.4,""))))))
D29: 미확인 경보 상신 | E29: 경고 N분 미확인 시 전체 채널 1회 멱등 상신 | F29: EO | G29: =IF(F29="","",IF(F29="EI",4,IF(F29="EO",5.2,IF(F29="EQ",3.9,IF(F29="ILF",7.5,IF(F29="EIF",5.4,""))))))
D30: 경보 분석 상세 | E30: 근본원인 분류·위기대응 섹션·연관 비상연락처 매칭 | F30: EO | G30: =IF(F30="","",IF(F30="EI",4,IF(F30="EO",5.2,IF(F30="EQ",3.9,IF(F30="ILF",7.5,IF(F30="EIF",5.4,"")))))) | H30: Y
D31: 근본원인 자동 분류 | E31: 경보 발생 원인 자동 분류 (주기 작업) | F31: EO | G31: =IF(F31="","",IF(F31="EI",4,IF(F31="EO",5.2,IF(F31="EQ",3.9,IF(F31="ILF",7.5,IF(F31="EIF",5.4,""))))))
D32: 오탐 라벨 판정 | E32: 3분법(real/false/check) 1클릭 판정·백필 체계 | F32: EI | G32: =IF(F32="","",IF(F32="EI",4,IF(F32="EO",5.2,IF(F32="EQ",3.9,IF(F32="ILF",7.5,IF(F32="EIF",5.4,""))))))
D33: 오탐 분석 통계 | E33: 주별 오탐률 추이·분류별 현황 | F33: EO | G33: =IF(F33="","",IF(F33="EI",4,IF(F33="EO",5.2,IF(F33="EQ",3.9,IF(F33="ILF",7.5,IF(F33="EIF",5.4,""))))))
D34: 임계 도달 예측 | E34: 수위 LEI↔LEC 페어 선형 외삽·ETA 구간 표시 | F34: EO | G34: =IF(F34="","",IF(F34="EI",4,IF(F34="EO",5.2,IF(F34="EQ",3.9,IF(F34="ILF",7.5,IF(F34="EIF",5.4,""))))))
D35: 알람 캘린더 | E35: 일자별 경보 발생 캘린더 조회 | F35: EQ | G35: =IF(F35="","",IF(F35="EI",4,IF(F35="EO",5.2,IF(F35="EQ",3.9,IF(F35="ILF",7.5,IF(F35="EIF",5.4,""))))))
D36: 알람 팝업(위기대응 모달) | E36: 새 경고 감지 → 모달 강제(주의는 toast)·4액션 | F36: EO | G36: =IF(F36="","",IF(F36="EI",4,IF(F36="EO",5.2,IF(F36="EQ",3.9,IF(F36="ILF",7.5,IF(F36="EIF",5.4,"")))))) | H36: Y
D37: 누수 의심 알림 | E37: 야간최소유량 CUSUM 자동 감지·선정 사유 서술·확인 처리 | F37: EO | G37: =IF(F37="","",IF(F37="EI",4,IF(F37="EO",5.2,IF(F37="EQ",3.9,IF(F37="ILF",7.5,IF(F37="EIF",5.4,"")))))) | H37: Y
D38: 누수 알림 확인 처리 | E38: 누수 의심 건 확인·상태 변경 | F38: EI | G38: =IF(F38="","",IF(F38="EI",4,IF(F38="EO",5.2,IF(F38="EQ",3.9,IF(F38="ILF",7.5,IF(F38="EIF",5.4,""))))))
D39: 작업관리 | E39: 작업 등록·조회·알람 억제 시간 설정 | F39: EI | G39: =IF(F39="","",IF(F39="EI",4,IF(F39="EO",5.2,IF(F39="EQ",3.9,IF(F39="ILF",7.5,IF(F39="EIF",5.4,"")))))) | H39: Y
D40: 작업 이력 데이터 | E40: 작업·조치 이력 (장애 기록과 연계) | F40: ILF | G40: =IF(F40="","",IF(F40="EI",4,IF(F40="EO",5.2,IF(F40="EQ",3.9,IF(F40="ILF",7.5,IF(F40="EIF",5.4,""))))))
D41: 펌프 가동 변경 | E41: 펌프 제어모드·가동 변경 기록 관리 | F41: EI | G41: =IF(F41="","",IF(F41="EI",4,IF(F41="EO",5.2,IF(F41="EQ",3.9,IF(F41="ILF",7.5,IF(F41="EIF",5.4,""))))))
D42: 시나리오 비교 | E42: 경보 시나리오 간 비교 분석 화면 | F42: EO | G42: =IF(F42="","",IF(F42="EI",4,IF(F42="EO",5.2,IF(F42="EQ",3.9,IF(F42="ILF",7.5,IF(F42="EIF",5.4,""))))))
C43: 3. AI 채팅 어시스턴트
D44: 채팅 질의 처리(SSE) | E44: 3단계 인텐트 분류(키워드→벡터→SLM)·SQL 실행·SSE 스트리밍, 81 인텐트 | F44: EO | G44: =IF(F44="","",IF(F44="EI",4,IF(F44="EO",5.2,IF(F44="EQ",3.9,IF(F44="ILF",7.5,IF(F44="EIF",5.4,"")))))) | H44: Y
D45: 인텐트 정의 데이터 | E45: 인텐트 레지스트리(JSON 선언·분류 키워드·동적 SQL) | F45: ILF | G45: =IF(F45="","",IF(F45="EI",4,IF(F45="EO",5.2,IF(F45="EQ",3.9,IF(F45="ILF",7.5,IF(F45="EIF",5.4,"")))))) | H45: Y
D46: 인텐트 벡터 검색 | E46: 로컬 임베딩 모델 기반 유사도 분류 (외부 API 없음) | F46: EIF | G46: =IF(F46="","",IF(F46="EI",4,IF(F46="EO",5.2,IF(F46="EQ",3.9,IF(F46="ILF",7.5,IF(F46="EIF",5.4,""))))))
D47: 채팅 시각화 렌더링 | E47: 그래프·테이블·다이어그램·문서 카드 자동 라우팅 | F47: EO | G47: =IF(F47="","",IF(F47="EI",4,IF(F47="EO",5.2,IF(F47="EQ",3.9,IF(F47="ILF",7.5,IF(F47="EIF",5.4,"")))))) | H47: Y
D48: 채팅 대화 이력(서버) | E48: 계정별 대화 그룹·메시지 서버 저장·본문 검색·30일 purge | F48: ILF | G48: =IF(F48="","",IF(F48="EI",4,IF(F48="EO",5.2,IF(F48="EQ",3.9,IF(F48="ILF",7.5,IF(F48="EIF",5.4,"")))))) | H48: Y
D49: 채팅 이력 조회 | E49: 대화 목록·검색·차트 재렌더링 | F49: EQ | G49: =IF(F49="","",IF(F49="EI",4,IF(F49="EO",5.2,IF(F49="EQ",3.9,IF(F49="ILF",7.5,IF(F49="EIF",5.4,""))))))
D50: 추천 질의 | E50: 인텐트별 후속 추천·현장명 자동 보강 | F50: EO | G50: =IF(F50="","",IF(F50="EI",4,IF(F50="EO",5.2,IF(F50="EQ",3.9,IF(F50="ILF",7.5,IF(F50="EIF",5.4,""))))))
D51: 오답 피드백 루프 | E51: 원하는 답이 아닌가요 → 후보 제시·피드백 수집·보정 | F51: EI | G51: =IF(F51="","",IF(F51="EI",4,IF(F51="EO",5.2,IF(F51="EQ",3.9,IF(F51="ILF",7.5,IF(F51="EIF",5.4,"")))))) | H51: Y
D52: 멀티턴 후속질문 | E52: 짧은 후속질문 인텐트 상속·지표 명사 가드 | F52: EO | G52: =IF(F52="","",IF(F52="EI",4,IF(F52="EO",5.2,IF(F52="EQ",3.9,IF(F52="ILF",7.5,IF(F52="EIF",5.4,""))))))
D53: 멀티모달 사진 진단 | E53: 채팅 사진 업로드 → 장비 식별·매뉴얼 RAG·케이스 DB 통합 진단 | F53: EO | G53: =IF(F53="","",IF(F53="EI",4,IF(F53="EO",5.2,IF(F53="EQ",3.9,IF(F53="ILF",7.5,IF(F53="EIF",5.4,"")))))) | H53: Y
D54: 고장 기록 초안(채팅) | E54: 자연어 고장 등록 → 시설·설비 자동 매칭·확인 카드 | F54: EI | G54: =IF(F54="","",IF(F54="EI",4,IF(F54="EO",5.2,IF(F54="EQ",3.9,IF(F54="ILF",7.5,IF(F54="EIF",5.4,"")))))) | H54: Y
D55: 조치 완료 기록(채팅) | E55: 진행중 장애 자연어 조치 완료 처리 | F55: EI | G55: =IF(F55="","",IF(F55="EI",4,IF(F55="EO",5.2,IF(F55="EQ",3.9,IF(F55="ILF",7.5,IF(F55="EIF",5.4,""))))))
D56: 점검 기록(채팅) | E56: 일상/요청 점검 기록·유발 고장 링크 | F56: EI | G56: =IF(F56="","",IF(F56="EI",4,IF(F56="EO",5.2,IF(F56="EQ",3.9,IF(F56="ILF",7.5,IF(F56="EIF",5.4,""))))))
D57: 보고서 초안(채팅) | E57: 기간·유형 자동 추출 → 보고서 자동 초안 생성 | F57: EO | G57: =IF(F57="","",IF(F57="EI",4,IF(F57="EO",5.2,IF(F57="EQ",3.9,IF(F57="ILF",7.5,IF(F57="EIF",5.4,""))))))
D58: 진단 근거 팩 | E58: 룰 라우터가 조회 도구 3종 병렬 실행 → 근거 표시·LLM 참고 의견 | F58: EO | G58: =IF(F58="","",IF(F58="EI",4,IF(F58="EO",5.2,IF(F58="EQ",3.9,IF(F58="ILF",7.5,IF(F58="EIF",5.4,""))))))
D59: 음성 입력 | E59: 로컬 Whisper STT·도메인 용어 바이어스 | F59: EI | G59: =IF(F59="","",IF(F59="EI",4,IF(F59="EO",5.2,IF(F59="EQ",3.9,IF(F59="ILF",7.5,IF(F59="EIF",5.4,""))))))
D60: 비상연락처 질의 | E60: 채팅에서 비상연락처 조회 인텐트 | F60: EQ | G60: =IF(F60="","",IF(F60="EI",4,IF(F60="EO",5.2,IF(F60="EQ",3.9,IF(F60="ILF",7.5,IF(F60="EIF",5.4,""))))))
D61: FAQ 동적 제안 | E61: FAQ 기반 예시 질문 동적 노출 | F61: EQ | G61: =IF(F61="","",IF(F61="EI",4,IF(F61="EO",5.2,IF(F61="EQ",3.9,IF(F61="ILF",7.5,IF(F61="EIF",5.4,""))))))
C62: 4. 트렌드 분석
D63: 트렌드 카탈로그 | E63: 트렌드 정의 단일 정본(시드 보호·모니터링 큐레이션) | F63: ILF | G63: =IF(F63="","",IF(F63="EI",4,IF(F63="EO",5.2,IF(F63="EQ",3.9,IF(F63="ILF",7.5,IF(F63="EIF",5.4,"")))))) | H63: Y
D64: 사용자 트렌드 생성 | E64: 사용자 정의 트렌드 등록·수정 (채팅 즉시 조회 연동) | F64: EI | G64: =IF(F64="","",IF(F64="EI",4,IF(F64="EO",5.2,IF(F64="EQ",3.9,IF(F64="ILF",7.5,IF(F64="EIF",5.4,"")))))) | H64: Y
D65: 트렌드 차트 조회 | E65: 기간·이동평균·재생·확장 보기 | F65: EO | G65: =IF(F65="","",IF(F65="EI",4,IF(F65="EO",5.2,IF(F65="EQ",3.9,IF(F65="ILF",7.5,IF(F65="EIF",5.4,"")))))) | H65: Y
D66: 평소 대비 비교 | E66: GBT 기대값 기반 z-score 판정·KPI 배지·수위 하한 판정 | F66: EO | G66: =IF(F66="","",IF(F66="EI",4,IF(F66="EO",5.2,IF(F66="EQ",3.9,IF(F66="ILF",7.5,IF(F66="EIF",5.4,"")))))) | H66: Y
D67: 향후 전망 | E67: Chronos-Bolt 예측·밴드 렌더·시간대 중앙값 프로파일 폴백 | F67: EO | G67: =IF(F67="","",IF(F67="EI",4,IF(F67="EO",5.2,IF(F67="EQ",3.9,IF(F67="ILF",7.5,IF(F67="EIF",5.4,""))))))
D68: 기준선 GBT 학습 | E68: 주 1회 재훈련 CLI·성능 평가 지표 적재 | F68: EO | G68: =IF(F68="","",IF(F68="EI",4,IF(F68="EO",5.2,IF(F68="EQ",3.9,IF(F68="ILF",7.5,IF(F68="EIF",5.4,""))))))
D69: IForest 이상탐지 | E69: 디스크 영속화 모델·주 1회 재학습·평가 지표 | F69: EO | G69: =IF(F69="","",IF(F69="EI",4,IF(F69="EO",5.2,IF(F69="EQ",3.9,IF(F69="ILF",7.5,IF(F69="EIF",5.4,""))))))
D70: 야간최소유량 집계 | E70: 일 단위 NMF 사전집계·self-healing 백필 | F70: EO | G70: =IF(F70="","",IF(F70="EI",4,IF(F70="EO",5.2,IF(F70="EQ",3.9,IF(F70="ILF",7.5,IF(F70="EIF",5.4,""))))))
D71: 태그 원시데이터 | E71: TimescaleDB 하이퍼테이블(압축 정책·연속 집계) | F71: ILF | G71: =IF(F71="","",IF(F71="EI",4,IF(F71="EO",5.2,IF(F71="EQ",3.9,IF(F71="ILF",7.5,IF(F71="EIF",5.4,"")))))) | H71: Y
C72: 5. 장애·설비 관리
D73: 설비 정보 | E73: 설비 마스터·제원(meta)·내용연수 | F73: ILF | G73: =IF(F73="","",IF(F73="EI",4,IF(F73="EO",5.2,IF(F73="EQ",3.9,IF(F73="ILF",7.5,IF(F73="EIF",5.4,"")))))) | H73: Y
D74: 고장 케이스 DB | E74: 고장 사례·조치 지식 데이터 | F74: ILF | G74: =IF(F74="","",IF(F74="EI",4,IF(F74="EO",5.2,IF(F74="EQ",3.9,IF(F74="ILF",7.5,IF(F74="EIF",5.4,"")))))) | H74: Y
D75: 고장 케이스 관리 | E75: 케이스 등록·수정·xlsx 일괄 업로드 | F75: EI | G75: =IF(F75="","",IF(F75="EI",4,IF(F75="EO",5.2,IF(F75="EQ",3.9,IF(F75="ILF",7.5,IF(F75="EIF",5.4,""))))))
D76: 장애 이력 조회 | E76: 설비별 장애·조치 이력·통계 | F76: EQ | G76: =IF(F76="","",IF(F76="EI",4,IF(F76="EO",5.2,IF(F76="EQ",3.9,IF(F76="ILF",7.5,IF(F76="EIF",5.4,"")))))) | H76: Y
D77: 설비 건강성 대시보드 | E77: 알람↔조치 대조 분석·오탐/미검지·교체 후보 | F77: EO | G77: =IF(F77="","",IF(F77="EI",4,IF(F77="EO",5.2,IF(F77="EQ",3.9,IF(F77="ILF",7.5,IF(F77="EIF",5.4,"")))))) | H77: Y
D78: 교체 우선순위 Top5 | E78: 내용연수·MTBF·재발 3신호 융합 카드 | F78: EO | G78: =IF(F78="","",IF(F78="EI",4,IF(F78="EO",5.2,IF(F78="EQ",3.9,IF(F78="ILF",7.5,IF(F78="EIF",5.4,""))))))
D79: 설비 신뢰성(MTBF) | E79: 설비 유형별 MTBF·고장 간격 분석 | F79: EO | G79: =IF(F79="","",IF(F79="EI",4,IF(F79="EO",5.2,IF(F79="EQ",3.9,IF(F79="ILF",7.5,IF(F79="EIF",5.4,""))))))
D80: 점검 주기 도래 | E80: 유형 단위 점검 주기 마스터·도래 계산 | F80: EQ | G80: =IF(F80="","",IF(F80="EI",4,IF(F80="EO",5.2,IF(F80="EQ",3.9,IF(F80="ILF",7.5,IF(F80="EIF",5.4,""))))))
D81: 설비 매뉴얼 관리 | E81: 매뉴얼 PDF 업로드·인덱싱·핫리로드 | F81: EI | G81: =IF(F81="","",IF(F81="EI",4,IF(F81="EO",5.2,IF(F81="EQ",3.9,IF(F81="ILF",7.5,IF(F81="EIF",5.4,""))))))
D82: 매뉴얼 RAG 검색 | E82: 장·절 청크 임베딩 검색 (로컬) | F82: EIF | G82: =IF(F82="","",IF(F82="EI",4,IF(F82="EO",5.2,IF(F82="EQ",3.9,IF(F82="ILF",7.5,IF(F82="EIF",5.4,""))))))
D83: 명판 비전 스캔 | E83: 명판 촬영 → 동적 키-값 추출·표준 키 승격·제원 반영 | F83: EI | G83: =IF(F83="","",IF(F83="EI",4,IF(F83="EO",5.2,IF(F83="EQ",3.9,IF(F83="ILF",7.5,IF(F83="EIF",5.4,""))))))
C84: 6. 보고서·업무
D85: 장애 조치 보고서 | E85: 항목 편집·AI 요약·확정·인쇄(공문 양식) | F85: EI | G85: =IF(F85="","",IF(F85="EI",4,IF(F85="EO",5.2,IF(F85="EQ",3.9,IF(F85="ILF",7.5,IF(F85="EIF",5.4,"")))))) | H85: Y
D86: 일 점검 보고서 | E86: 점검 기록 집계·고장보고 포함·확정·인쇄 | F86: EI | G86: =IF(F86="","",IF(F86="EI",4,IF(F86="EO",5.2,IF(F86="EQ",3.9,IF(F86="ILF",7.5,IF(F86="EIF",5.4,"")))))) | H86: Y
D87: 보고서 데이터 | E87: 보고서·항목·확정 상태 저장 | F87: ILF | G87: =IF(F87="","",IF(F87="EI",4,IF(F87="EO",5.2,IF(F87="EQ",3.9,IF(F87="ILF",7.5,IF(F87="EIF",5.4,""))))))
D88: 보고서 조회·출력 | E88: 보고서 목록·상세·새 창 인쇄(PDF) | F88: EO | G88: =IF(F88="","",IF(F88="EI",4,IF(F88="EO",5.2,IF(F88="EQ",3.9,IF(F88="ILF",7.5,IF(F88="EIF",5.4,""))))))
D89: 업무 메모 | E89: 메모 등록·검색·달력 보기 (본인+마스터 삭제) | F89: EI | G89: =IF(F89="","",IF(F89="EI",4,IF(F89="EO",5.2,IF(F89="EQ",3.9,IF(F89="ILF",7.5,IF(F89="EIF",5.4,""))))))
D90: 일정 알림 | E90: 달력 등록 → 30s 폴링 전역 팝업·확인 전 재표시 | F90: EO | G90: =IF(F90="","",IF(F90="EI",4,IF(F90="EO",5.2,IF(F90="EQ",3.9,IF(F90="ILF",7.5,IF(F90="EIF",5.4,""))))))
C91: 7. 관망 수리해석(EPANET)
D92: EPANET 모델 데이터 | E92: INP 네트워크 모델·시뮬 결과 시계열 | F92: ILF | G92: =IF(F92="","",IF(F92="EI",4,IF(F92="EO",5.2,IF(F92="EQ",3.9,IF(F92="ILF",7.5,IF(F92="EIF",5.4,""))))))
D93: 실측 유량 주입 | E93: 시설별 outflow 매핑 → demand IDW 보간 주입 | F93: EO | G93: =IF(F93="","",IF(F93="EI",4,IF(F93="EO",5.2,IF(F93="EQ",3.9,IF(F93="ILF",7.5,IF(F93="EIF",5.4,""))))))
D94: 수리 시뮬레이션 실행 | E94: EPANET 시뮬 실행·결과 저장 (자동 주기 포함) | F94: EO | G94: =IF(F94="","",IF(F94="EI",4,IF(F94="EO",5.2,IF(F94="EQ",3.9,IF(F94="ILF",7.5,IF(F94="EIF",5.4,"")))))) | H94: Y
D95: 시뮬 vs 실측 편차 분석 | E95: 시설 단위 편차 패널·GIS 오버레이 | F95: EO | G95: =IF(F95="","",IF(F95="EI",4,IF(F95="EO",5.2,IF(F95="EQ",3.9,IF(F95="ILF",7.5,IF(F95="EIF",5.4,""))))))
D96: 상류 영향 분석 | E96: 상류 시설 장애 영향 추정·채팅 연동 | F96: EO | G96: =IF(F96="","",IF(F96="EI",4,IF(F96="EO",5.2,IF(F96="EQ",3.9,IF(F96="ILF",7.5,IF(F96="EIF",5.4,""))))))
C97: 8. 통신망 관리
D98: 통신 장비 정보 | E98: 네트워크 장비 마스터(IP·프로토콜·역할) | F98: ILF | G98: =IF(F98="","",IF(F98="EI",4,IF(F98="EO",5.2,IF(F98="EQ",3.9,IF(F98="ILF",7.5,IF(F98="EIF",5.4,"")))))) | H98: Y
D99: 통신 링크 정보 | E99: 장비 간 연결·프로토콜 정의 | F99: ILF | G99: =IF(F99="","",IF(F99="EI",4,IF(F99="EO",5.2,IF(F99="EQ",3.9,IF(F99="ILF",7.5,IF(F99="EIF",5.4,""))))))
D100: 네트워크 토폴로지 | E100: 계층형 토폴로지·장비 상태·RTT 감시 | F100: EO | G100: =IF(F100="","",IF(F100="EI",4,IF(F100="EO",5.2,IF(F100="EQ",3.9,IF(F100="ILF",7.5,IF(F100="EIF",5.4,"")))))) | H100: Y
D101: 통신 이상 감지 | E101: 무응답·통신 이상 자동 감지·경보 연계 | F101: EO | G101: =IF(F101="","",IF(F101="EI",4,IF(F101="EO",5.2,IF(F101="EQ",3.9,IF(F101="ILF",7.5,IF(F101="EIF",5.4,""))))))
...

Sheet SW개발비 산정
B1: "SLM 스마트 물관리 시스템" 소프트웨어 개발비 산정
I2: (소프트웨어사업 대가산정 가이드, KOSA)
B4: ○ 개발원가 산정 | J4: (단위: 원)
B5: 총기능점수 | C5: 기능점수당 단가 | D5: 보정계수 | I5: 개발원가
D6: 규모 | E6: 연계복잡성 | F6: 성능 | G6: 운영환경 | H6: 보안성
B7: ='FP산정(간이법)'!G159 | C7: 605784 | D7: =J21 | E7: =J22 | F7: =J23 | G7: =J24 | H7: =J25 | I7: =ROUND(PRODUCT(B7:H7),0)
B8: 합계(보정 후 개발원가) | I8: =I7
B9: 이윤 (개발원가의 25% 이내) | H9: 0.2 | I9: =ROUND(I8*H9,0)
B10: 직접경비 | I10: =I17
B11: 소프트웨어 개발비 (부가세 별도) | I11: =SUM(I8:I10)
B13: ○ 직접경비
B14: 구분 | C14: 산출내역 | I14: 금액
C15: 직접경비 요소 없음 (폐쇄망 온프레미스 — 발주자 제공 인프라 기준) | I15: 0
B17: 합 계 | I17: =SUM(I15:I16)
B19: ○ 보정계수 산정
B20: 보정계수 구분 | C20: 복잡도 및 난이도 수준 | J20: 보정계수
B21: SW규모 | C21: =0.4057 × (ln(FP) − 7.1978)² + 0.8878 (500FP 미만 1.28, 3,000FP 초과 1.153) | J21: =IF(B7<500,1.28,IF(B7>3000,1.153,ROUND(0.4057*(LN(B7)-7.1978)^2+0.8878,4)))
B22: 연계복잡성 | C22: 1. 타 기관 연계 없음 (폐쇄망 단독 운영 — SCADA 연계는 내부 연계) | J22: 0.88
B23: 성능 요구수준 | C23: 3. 응답시간·처리율이 피크타임에 중요하며 처리 시한이 명시 (실시간 감시·알람) | J23: 1
B24: 운영환경 호환성 | C24: 3. 호환성 요구 있음 — 유사 HW·SW 환경(고객별 온프레미스 설치) | J24: 1.06
B25: 보안성 요구수준 | C25: 2. 2가지 요구사항 포함 (암호화(JWT·bcrypt)·시큐어코딩) | J25: 1
B27: ○ FP 집계
B28: 구분 | C28: ILF | D28: EIF | E28: EI | F28: EO | G28: EQ | H28: 계
B29: 복잡도(가중치) | C29: 7.5 | D29: 5.4 | E29: 4 | F29: 5.2 | G29: 3.9
B30: 기능수 | C30: =COUNTIF('FP산정(간이법)'!$F$5:$F$158,"ILF") | D30: =COUNTIF('FP산정(간이법)'!$F$5:$F$158,"EIF") | E30: =COUNTIF('FP산정(간이법)'!$F$5:$F$158,"EI") | F30: =COUNTIF('FP산정(간이법)'!$F$5:$F$158,"EO") | G30: =COUNTIF('FP산정(간이법)'!$F$5:$F$158,"EQ") | H30: =SUM(C30:G30)
B31: 기능점수 | C31: =SUMIF('FP산정(간이법)'!$F$5:$F$158,"ILF",'FP산정(간이법)'!$G$5:$G$158) | D31: =SUMIF('FP산정(간이법)'!$F$5:$F$158,"EIF",'FP산정(간이법)'!$G$5:$G$158) | E31: =SUMIF('FP산정(간이법)'!$F$5:$F$158,"EI",'FP산정(간이법)'!$G$5:$G$158) | F31: =SUMIF('FP산정(간이법)'!$F$5:$F$158,"EO",'FP산정(간이법)'!$G$5:$G$158) | G31: =SUMIF('FP산정(간이법)'!$F$5:$F$158,"EQ",'FP산정(간이법)'!$G$5:$G$158) | H31: =SUM(C31:G31)

Sheet (참조)보정계수
B1: 보정계수 참조표 — FP방식(간이법)
B3: ○ 규모 보정계수
B4: SW규모 | C4: =0.4057 × (ln(기능점수) − 7.1978)² + 0.8878 (단, 500FP 미만 1.28 / 3,000FP 초과 1.153)
B6: ○ 애플리케이션 복잡도 보정계수
B7: 연계복잡성 | C7: 1. 타 기관 연계 없음 | H7: 0.88
C8: 2. 1~2개의 타 기관 연계 | H8: 0.94
C9: 3. 3~5개의 타 기관 연계 | H9: 1
C10: 4. 6~10개의 타 기관 연계 | H10: 1.06
C11: 5. 10개 초과의 타 기관 연계 | H11: 1.12
B12: 성능 요구수준 | C12: 1. 응답성능에 대한 특별한 요구사항이 없다. | H12: 0.91
C13: 2. 요구사항이 있으나 특별한 조치는 불필요 | H13: 0.95
C14: 3. 응답시간·처리율이 피크타임에 중요, 처리 시한 명시 | H14: 1
C15: 4. 모든 업무시간에 중요, 처리 시한 명시 | H15: 1.05
C16: 5. 엄격 — 설계·구현 단계 성능 분석도구 필요 | H16: 1.09
B17: 운영환경 호환성 | C17: 1. 요구사항 없음 | H17: 0.94
C18: 2. 동일 HW·SW 환경 | H18: 1
C19: 3. 유사 HW·SW 환경 | H19: 1.06
C20: 4. 이질적 HW·SW 환경 | H20: 1.13
C21: 5. 4 + 운영 절차 문서화·사전 모의훈련 요구 | H21: 1.19
B22: 보안성 수준 | C22: 1. 1가지 보안 요구사항 | H22: 0.97
C23: 2. 2가지 | H23: 1
C24: 3. 3가지 | H24: 1.03
C25: 4. 4가지 | H25: 1.06
C26: 5. 5가지 이상 | H26: 1.08

Sheet 직접경비
A1: 직접경비 항목 (참조)
A2: 항목 | B2: 설명
A3: 컴퓨터시스템 사용료 | B3: 발주자가 제공하지 않아 자체/제3자 조달 시
A4: 소프트웨어 도구 사용료 | B4: 발주자 요구에 의한 SW 패키지 사용료
A5: 지급이자 | B5: 선투자 후정산 사업의 경우
A6: 특정기술 전문가 비용 | B6: 발주자 요구의 특정기술 도입 관련
A7: 여비 | B7: 운임·현지교통비·숙박비 등
A8: 특수자료비 | B8: 특허·노하우 사용료
A9: 인쇄·청사진비 | B9: 산출물·보고서 인쇄·복사비
A10: 자료조사비 | B10: 문헌·전문도서 구입
A11: 기자재시험비 | B11: 기자재 시험 소요 비용
A12: 위탁비(외주비) | B12: 일부 외부 위탁 비용
A13: 현장운영비 | B13: 보조요원 급여·현장사무실 임차·운영비
... A15: 기타 | B15: 그 밖에 특별히 소요되는 직접비용

Sheet 엔지니어링 내역
A1: ■ SLM 구축·설치 엔지니어링 내역 (설계금액)
A2: 구분 | B2: 항목 | C2: 작업 내용 | D2: M/M | G2: 금액(원) | J2: 기간 | K2: 비고
D3: IT지원 | E3: 응용SW개발 | F3: 정보시스템운용 | G3: IT지원 | H3: 응용SW개발 | I3: 정보시스템운용
A4: 설치 | B4: 서버 스택 설치·구성 | C4: Docker 스택(DB·백엔드·프런트·Node-RED)·프로덕션 빌드·TLS 구성 | E4: =0.048*2 | F4: =0.048*5 | H4: =E4*($B$41*20.5) | I4: =F4*($B$42*20.5) | J4: 1주
B5: DB 구축 | C5: 스키마·마이그레이션 적용·기초 시드·압축 정책 | E5: =0.048*2 | F5: =0.048*3 | H5: =E5*($B$41*20.5) | I5: =F5*($B$42*20.5) | J5: 1주
B6: AI 모델 설치 | C6: Ollama 모델(비전·임베딩) 오프라인 설치·검증 | F6: =0.048*2 | I6: =F6*($B$42*20.5) | J6: 2일 | K6: 폐쇄망 반입
B7: 모델 웨이트 번들 반입 | C7: Chronos·Whisper 번들 설치·sha256 검증 | F7: =0.048*2 | I7: =F7*($B$42*20.5) | J7: 2일
B8: GIS 지도 번들 구축 | C8: 관할 영역 pmtiles 추출·글리프 반입·검증 | E8: =0.048*3 | H8: =E8*($B$41*20.5) | J8: 3일 | K8: 관할별 재추출
A9: 데이터 구축 | B9: 태그 마스터 구축 | C9: 태그 등록·DATAINFO 변환룰 적용·검수 (약 2,700태그) | D9: =0.048*10 | E9: =0.048*10 | G9: =D9*($B$40*20.5) | H9: =E9*($B$41*20.5) | J9: 2주 | K9: 룰 재현율 채점
B10: 시설 기초정보 구축 | C10: 배수지·가압장·감압·블록 기초정보 (약 120개소) | D10: =0.048*10 | G10: =D10*($B$40*20.5) | J10: 2주
B11: 계통도 구축 | C11: 수계 관계(flow-map)·캔버스 배치·정합 lint 0건 | E11: =0.048*5 | H11: =E11*($B$41*20.5) | J11: 1주
B12: GIS 좌표 구축 | C12: 시설 좌표 등록·현장 검증 | D12: =0.048*5 | G12: =D12*($B$40*20.5) | J12: 1주
B13: 통신망 구축 | C13: 장비·링크 등록 (약 300대)·토폴로지 검증 | D13: =0.048*7 | G13: =D13*($B$40*20.5) | J13: 1.5주
B14: EPANET 모델 구축 | C14: INP 모델 작성·실측 유량 매핑·시뮬 검증 | E14: =0.048*10 | H14: =E14*($B$41*20.5) | J14: 2주 | K14: B1 SKU 시
A15: 연계 | B15: SCADA 수집 연계 | C15: Node-RED 수집 플로우 구성·태그 매핑 | E15: =0.048*10 | F15: =0.048*5 | H15: =E15*($B$41*20.5) | I15: =F15*($B$42*20.5) | J15: 2주
B16: 알람 조건 엔진 구성 | C16: 수위/압력/펌프 조건검토 플로우 현장 임계 보정 | E16: =0.048*10 | H16: =E16*($B$41*20.5) | J16: 2주
A17: 시험·인수 | B17: 구축 완결성 검수 | C17: 검수 6종 warn 0 달성·품질 게이트 통과 | E17: =0.048*5 | H17: =E17*($B$41*20.5) | J17: 1주 | K17: 인수 기준
B18: 통합 시험 | C18: 채팅 스모크·알람 시나리오·통화(LTE) 시험 | E18: =0.048*5 | H18: =E18*($B$41*20.5) | J18: 1주
B19: 교육·인수인계 | C19: 운영자 교육·운영 문서 인수 | D19: =0.048*5 | G19: =D19*($B$40*20.5) | J19: 1주
B20: 합계 | D20: =SUM(D4:D19) | E20: =SUM(E4:E19) | F20: =SUM(F4:F19) | G20: =SUM(G4:G19) | H20: =SUM(H4:H19) | I20: =SUM(I4:I19)
A22: 직접인건비 | C22: 설치·데이터 구축·연계·시험 엔지니어링 합계 | H22: =G20+H20+I20
A23: 제경비 | C23: 직접인건비의 110~120% (상한 120% 적용) | H23: =ROUND(H22*1.2,0)
A24: 기술료 | C24: (직접인건비+제경비)의 20~40% (하한 20% 적용) | H24: =ROUND((H22+H23)*0.2,0)
A25: 엔지니어링 총계 (부가세 별도) | H25: =H22+H23+H24
A39: SW기술자 평균임금 공표 (2025) | C39: 월 20.5일 기준 · 1일 = 0.048 M/M
A40: IT지원기술자 | B40: 245535
A41: 응용SW개발자 | B41: 337061
A42: 정보시스템운용자 | B42: 492943
